{"type": "zpk", "poles": {"real": [-250.00000000000006, -250.00000000000006], "imag": [4993.746088859545, -4993.746088859545]}, "zeros": {"real": [-0.0, 0.0], "imag": [5000.0, -5000.0]}, "extra": {"order": 2, "type": "Notch", "params": {"T0": 4, "m": 0.05, "w0": 5000}}}