{"type": "step", "t": [0.0, 0.018511351435605318, 0.037022702871210636, 0.055534054306815954, 0.07404540574242127, 0.09255675717802658, 0.11106810861363191, 0.12957946004923723, 0.14809081148484254, 0.16660216292044785, 0.18511351435605317, 0.2036248657916585, 0.22213621722726382, 0.24064756866286913, 0.25915892009847447, 0.27767027153407975, 0.2961816229696851, 0.3146929744052904, 0.3332043258408957, 0.35171567727650105, 0.37022702871210633, 0.38873838014771167, 0.407249731583317, 0.4257610830189223, 0.44427243445452763, 0.46278378589013297, 0.48129513732573825, 0.4998064887613436, 0.5183178401969489, 0.5368291916325543, 0.5553405430681595, 0.5738518945037648, 0.5923632459393702, 0.6108745973749755, 0.6293859488105809, 0.6478973002461861, 0.6664086516817914, 0.6849200031173968, 0.7034313545530021, 0.7219427059886074, 0.7404540574242127, 0.758965408859818, 0.7774767602954233, 0.7959881117310287, 0.814499463166634, 0.8330108146022394, 0.8515221660378446, 0.8700335174734499, 0.8885448689090553, 0.9070562203446606, 0.9255675717802659, 0.9440789232158712, 0.9625902746514765, 0.9811016260870818, 0.9996129775226872, 1.0181243289582924, 1.0366356803938979, 1.055147031829503, 1.0736583832651085, 1.0921697347007138, 1.110681086136319, 1.1291924375719244, 1.1477037890075297, 1.1662151404431351, 1.1847264918787404, 1.2032378433143456, 1.221749194749951, 1.2402605461855563, 1.2587718976211617, 1.277283249056767, 1.2957946004923722, 1.3143059519279776, 1.3328173033635828, 1.3513286547991883, 1.3698400062347935, 1.3883513576703987, 1.4068627091060042, 1.4253740605416094, 1.4438854119772149, 1.46239676341282, 1.4809081148484253, 1.4994194662840308, 1.517930817719636, 1.5364421691552415, 1.5549535205908467, 1.5734648720264521, 1.5919762234620574, 1.6104875748976626, 1.628998926333268, 1.6475102777688733, 1.6660216292044787, 1.684532980640084, 1.7030443320756892, 1.7215556835112946, 1.7400670349468998, 1.7585783863825053, 1.7770897378181105, 1.7956010892537158, 1.8141124406893212, 1.8326237921249264], "s": [0.0, 0.42370609424182054, 0.6557519962118397, 0.7717245247427156, 0.8180445414227939, 0.8231781282185386, 0.8045411804516317, 0.7727515185177154, 0.7342473155880397, 0.692899339126254, 0.6510034939688032, 0.6098917112591713, 0.5703077979613664, 0.5326385482651643, 0.4970557336149296, 0.46360322519675307, 0.432250344942772, 0.40292443704945535, 0.3755306606349054, 0.3499639299585645, 0.32611603524729926, 0.30387981108161355, 0.28315150115376314, 0.263832025963711, 0.24582758769870888, 0.22904987887853884, 0.2134160581405691, 0.19884859302664618, 0.18527503056741393, 0.17262773244632476, 0.16084359678052068, 0.14986377951610313, 0.13963342290687633, 0.13010139517717573, 0.12122004342879149, 0.11294496062693031, 0.10523476677522998, 0.09805090397093784, 0.09135744479906277, 0.0851209134051889, 0.0793101185355896, 0.07389599782263626, 0.0688514726063185, 0.06415131260864347, 0.05977200981049097, 0.05569166091637942, 0.051889857829304234, 0.048347585594022066, 0.045047127302138903, 0.04197197548571931, 0.03910674955768771, 0.036437118886982235, 0.03394973112426279, 0.03163214542002645, 0.029472770201322863, 0.027460805195983554, 0.02558618741447369, 0.023839540819238954, 0.022212129429845136, 0.020695813629380555, 0.019283009453596473, 0.017966650659173092, 0.016740153381398296, 0.015597383204493716, 0.014532624479890073, 0.013540551738995422, 0.012616203057476474, 0.01175495523783215, 0.010952500686133917, 0.010204825867280321, 0.009508191231007903, 0.0088591125082574, 0.008254343284347359, 0.007690858761793887, 0.007165840631564897, 0.006676662977101507, 0.00622087914060444, 0.005796209485896212, 0.005400529996654, 0.0050318616529868715, 0.004688360533223017, 0.00436830859140095, 0.004070105064336738, 0.003792258465290018, 0.003533379124184225, 0.003292172237069832, 0.0030674313900679387, 0.0028580325254029364, 0.0026629283193455207, 0.0024811429439462566, 0.002311767186360964, 0.0021539539013562016, 0.002006913774250281, 0.0018699113730983284, 0.0017422614703757264, 0.001623325615762363, 0.0015125089428867644, 0.0014092571940584053, 0.0013130539481075523, 0.001223418037466801], "extra": {"order": 2, "type": "BP", "params": {"K": 1, "m": 1.5, "w0": 10}}}