{"type": "step", "t": [0.0, 0.007070707070707068, 0.014141414141414135, 0.021212121212121203, 0.02828282828282827, 0.03535353535353534, 0.042424242424242406, 0.049494949494949474, 0.05656565656565654, 0.0636363636363636, 0.07070707070707068, 0.07777777777777775, 0.08484848484848481, 0.09191919191919187, 0.09898989898989895, 0.10606060606060602, 0.11313131313131308, 0.12020202020202014, 0.1272727272727272, 0.1343434343434343, 0.14141414141414135, 0.14848484848484841, 0.1555555555555555, 0.16262626262626256, 0.16969696969696962, 0.17676767676767668, 0.18383838383838375, 0.19090909090909083, 0.1979797979797979, 0.20505050505050496, 0.21212121212121204, 0.2191919191919191, 0.22626262626262617, 0.23333333333333323, 0.2404040404040403, 0.24747474747474738, 0.2545454545454544, 0.2616161616161615, 0.2686868686868686, 0.27575757575757565, 0.2828282828282827, 0.28989898989898977, 0.29696969696969683, 0.3040404040404039, 0.311111111111111, 0.31818181818181807, 0.3252525252525251, 0.3323232323232322, 0.33939393939393925, 0.3464646464646463, 0.35353535353535337, 0.36060606060606043, 0.3676767676767675, 0.3747474747474746, 0.38181818181818167, 0.38888888888888873, 0.3959595959595958, 0.40303030303030285, 0.4101010101010099, 0.41717171717171697, 0.4242424242424241, 0.43131313131313115, 0.4383838383838382, 0.44545454545454527, 0.45252525252525233, 0.4595959595959594, 0.46666666666666645, 0.4737373737373735, 0.4808080808080806, 0.4878787878787877, 0.49494949494949475, 0.5020202020202018, 0.5090909090909088, 0.5161616161616159, 0.523232323232323, 0.53030303030303, 0.5373737373737372, 0.5444444444444442, 0.5515151515151513, 0.5585858585858583, 0.5656565656565654, 0.5727272727272725, 0.5797979797979795, 0.5868686868686867, 0.5939393939393937, 0.6010101010101008, 0.6080808080808078, 0.6151515151515149, 0.622222222222222, 0.629292929292929, 0.6363636363636361, 0.6434343434343431, 0.6505050505050503, 0.6575757575757573, 0.6646464646464644, 0.6717171717171714, 0.6787878787878785, 0.6858585858585856, 0.6929292929292926, 0.6999999999999997], "s": [0.0, 0.9156499802075587, 3.0896024630287897, 5.383924752021461, 6.7569248966326985, 6.71621324213245, 5.466419039510563, 3.725782190526303, 2.337289669724449, 1.8753156016417667, 2.4242338216202906, 3.605309812604448, 4.807107639920315, 5.48955662449122, 5.4160124017946805, 4.719050511820947, 3.792501163973286, 3.0809113428818153, 2.8740945349803706, 3.1979564275608126, 3.8377137665864556, 4.465666221722679, 4.802605504445416, 4.736258050818404, 4.349470134854975, 3.8574358054397195, 3.494028331214083, 3.404769449888475, 3.5934158128053495, 3.9389739447245375, 4.266248699380886, 4.431322680626979, 4.38177881379683, 4.1680704683989305, 3.9073976018527348, 3.722503374347772, 3.686063240120303, 3.7947933315336204, 3.9809354932034506, 4.1510550012563225, 4.231202314828269, 4.197407277457384, 4.079805662797771, 3.9420301474811397, 3.848342139165385, 3.8348168268800986, 3.896930460341267, 3.9969367663906286, 4.085124819871086, 4.123623170913082, 4.101771344983778, 4.037297948441923, 3.9646503216758444, 3.917388019698044, 3.9132950089685936, 3.9485085761956777, 4.002100947295638, 4.047686718318602, 4.06593978222074, 4.052303349355285, 4.017079708066352, 3.9788644782496587, 3.955138644756939, 3.9545995886638177, 3.974430681264587, 4.003078988047684, 4.0265727821414306, 4.035087436218374, 4.026791250853336, 4.007610399364547, 3.987556232389393, 3.9757103705690215, 3.9762868078464755, 3.9873896800679116, 4.0026666371329185, 4.014736732282197, 4.018626172411249, 4.013674727996505, 4.0032620986723995, 3.9927640627435066, 3.9868856793713396, 3.9876460486616003, 3.9938297462253836, 4.001956791548298, 4.008137216292135, 4.009864380560689, 4.0069533014486645, 4.001317203512488, 3.9958354021153273, 3.9929385286494314, 3.993580934453631, 3.9970086664737945, 4.001321843227175, 4.004475228297226, 4.0052118478278, 4.003521050052152, 4.000478914967487, 3.997623818551496, 3.996207643483122, 3.996673827480706], "extra": {"order": 2, "type": "LP", "params": {"T0": 4, "m": 0.1, "w0": 100}}}