{"type": "step", "t": [0.0, 0.0278337795067939, 0.0556675590135878, 0.0835013385203817, 0.1113351180271756, 0.1391688975339695, 0.1670026770407634, 0.19483645654755732, 0.2226702360543512, 0.2505040155611451, 0.278337795067939, 0.30617157457473293, 0.3340053540815268, 0.3618391335883207, 0.38967291309511465, 0.41750669260190854, 0.4453404721087024, 0.4731742516154963, 0.5010080311222902, 0.5288418106290841, 0.556675590135878, 0.584509369642672, 0.6123431491494659, 0.6401769286562597, 0.6680107081630536, 0.6958444876698475, 0.7236782671766414, 0.7515120466834353, 0.7793458261902293, 0.8071796056970232, 0.8350133852038171, 0.862847164710611, 0.8906809442174048, 0.9185147237241987, 0.9463485032309926, 0.9741822827377865, 1.0020160622445804, 1.0298498417513744, 1.0576836212581682, 1.0855174007649622, 1.113351180271756, 1.14118495977855, 1.169018739285344, 1.1968525187921377, 1.2246862982989317, 1.2525200778057255, 1.2803538573125195, 1.3081876368193133, 1.3360214163261073, 1.3638551958329013, 1.391688975339695, 1.419522754846489, 1.4473565343532828, 1.4751903138600768, 1.5030240933668706, 1.5308578728736646, 1.5586916523804586, 1.5865254318872524, 1.6143592113940464, 1.6421929909008401, 1.6700267704076341, 1.697860549914428, 1.725694329421222, 1.7535281089280157, 1.7813618884348097, 1.8091956679416037, 1.8370294474483975, 1.8648632269551915, 1.8926970064619852, 1.9205307859687792, 1.948364565475573, 1.976198344982367, 2.004032124489161, 2.031865903995955, 2.059699683502749, 2.087533463009543, 2.1153672425163363, 2.1432010220231303, 2.1710348015299243, 2.1988685810367183, 2.226702360543512, 2.254536140050306, 2.2823699195571, 2.310203699063894, 2.338037478570688, 2.3658712580774814, 2.3937050375842754, 2.4215388170910694, 2.4493725965978634, 2.4772063761046574, 2.505040155611451, 2.532873935118245, 2.560707714625039, 2.588541494131833, 2.6163752736386265, 2.6442090531454205, 2.6720428326522145, 2.6998766121590085, 2.7277103916658025, 2.755544171172596], "s": [0.0, 1.8987805260792856, 1.792878699932536, 1.6707837358029227, 1.5567310252360933, 1.450460492661652, 1.3514444952322915, 1.2591878456283352, 1.1732291160774861, 1.0931383777175816, 1.0185150508659082, 0.9489859014980028, 0.8842031744904879, 0.8238428542984017, 0.7676030443677612, 0.7152024571778802, 0.6663790073612701, 0.6208885008645149, 0.5785034135938633, 0.5390117534368388, 0.5022159999681935, 0.4679321165370612, 0.4359886297941942, 0.4062257720554724, 0.3784946822121507, 0.3526566611911422, 0.3285824782414651, 0.3061517245771922, 0.2852522111441086, 0.2657794074979547, 0.24763591898776693, 0.23073099962941157, 0.21498009823291198, 0.20030443551348948, 0.18663061007121312, 0.17389023126853087, 0.16201957716949655, 0.15095927582984947, 0.14065400834389397, 0.1310522321629498, 0.12210592330152592, 0.11377033614184656, 0.10600377963537355, 0.09876740878197815, 0.09202503034383414, 0.0857429218222927, 0.07988966279234067, 0.07443597775104643, 0.06935458969399344, 0.06462008368734756, 0.060208779753208874, 0.05609861443246905, 0.05226903043280995, 0.048700873809902345, 0.04537629816755151, 0.04227867539764507, 0.039392512513453104, 0.03670337416032149, 0.03419781041619219, 0.03186328952083428, 0.02968813519732799, 0.027661468252313248, 0.025773152162908708, 0.02401374237815057, 0.022374439081381536, 0.02084704317732472, 0.01942391528370807, 0.018097937522336127, 0.016862477918501984, 0.015711357230681067, 0.014638818044602209, 0.01363949597712022, 0.012708392845860172, 0.011840851670445185, 0.011032533380266052, 0.010279395112303413, 0.009577669990453175, 0.00892384828521997, 0.00831465985954849, 0.007747057812994007, 0.0072182032424270015, 0.006725451043052, 0.006266336678721618, 0.005838563855380119, 0.0054399930359796955, 0.005068630739430702, 0.004722619570058928, 0.004400228927706196, 0.00409984635200672, 0.0038199694575494214, 0.0035591984195867954, 0.0033162289727087235, 0.003089845887465359, 0.0028789168923062936, 0.002682387010442544, 0.002499273283302905, 0.0023286598541949477, 0.002169693387580607, 0.0020215788010560787, 0.0018835752886894874], "extra": {"order": 2, "type": "BP", "params": {"Tmax": 2, "m": 4, "w0": 20}}}