{"type": "zpk", "poles": {"real": [-10.000000000000004, -10.000000000000004], "imag": [99.49874371066198, -99.49874371066198]}, "zeros": {"real": [], "imag": []}, "extra": {"order": 2, "type": "LP", "params": {"T0": 4, "m": 0.1, "w0": 100}}}