{"type": "zpk", "poles": {"real": [-5.000000000000002, -5.000000000000002], "imag": [8.660254037844387, -8.660254037844387]}, "zeros": {"real": [0.0], "imag": [0.0]}, "extra": {"order": 2, "type": "BP", "params": {"K": 1, "m": 0.5, "w0": 10}}}