{"type": "step", "t": [0.0, 0.0003535353535353535, 0.000707070707070707, 0.0010606060606060605, 0.001414141414141414, 0.0017676767676767673, 0.002121212121212121, 0.002474747474747474, 0.002828282828282828, 0.0031818181818181815, 0.0035353535353535347, 0.0038888888888888883, 0.004242424242424242, 0.004595959595959595, 0.004949494949494948, 0.0053030303030303025, 0.005656565656565656, 0.006010101010101009, 0.006363636363636363, 0.006717171717171716, 0.007070707070707069, 0.0074242424242424235, 0.007777777777777777, 0.00813131313131313, 0.008484848484848484, 0.008838383838383836, 0.00919191919191919, 0.009545454545454544, 0.009898989898989897, 0.010252525252525251, 0.010606060606060605, 0.010959595959595957, 0.011313131313131311, 0.011666666666666665, 0.012020202020202018, 0.012373737373737372, 0.012727272727272726, 0.013080808080808078, 0.013434343434343432, 0.013787878787878786, 0.014141414141414139, 0.014494949494949493, 0.014848484848484847, 0.0152020202020202, 0.015555555555555553, 0.015909090909090907, 0.01626262626262626, 0.016616161616161612, 0.016969696969696968, 0.01732323232323232, 0.017676767676767673, 0.01803030303030303, 0.01838383838383838, 0.018737373737373733, 0.01909090909090909, 0.01944444444444444, 0.019797979797979794, 0.02015151515151515, 0.020505050505050502, 0.020858585858585854, 0.02121212121212121, 0.021565656565656562, 0.021919191919191915, 0.02227272727272727, 0.022626262626262623, 0.022979797979797975, 0.02333333333333333, 0.023686868686868683, 0.024040404040404036, 0.02439393939393939, 0.024747474747474744, 0.025101010101010096, 0.025454545454545452, 0.025808080808080804, 0.026161616161616157, 0.026515151515151512, 0.026868686868686865, 0.027222222222222217, 0.027575757575757573, 0.027929292929292925, 0.028282828282828278, 0.028636363636363633, 0.028989898989898986, 0.029343434343434338, 0.029696969696969694, 0.030050505050505046, 0.0304040404040404, 0.030757575757575754, 0.031111111111111107, 0.03146464646464646, 0.031818181818181815, 0.032171717171717164, 0.03252525252525252, 0.032878787878787875, 0.033232323232323224, 0.03358585858585858, 0.033939393939393936, 0.034292929292929285, 0.03464646464646464, 0.034999999999999996], "s": [0.0, 0.5165651876393055, 0.9054283297255343, 1.1385766910207038, 1.209652273799579, 1.13182955510548, 0.9337201431402287, 0.6540369148586201, 0.33579667946097175, 0.02079090767111306, -0.25507305759983806, -0.46513773870591507, -0.5938505079793243, -0.6370930826530177, -0.6011486916736158, -0.5006056956181536, -0.3555797137985375, -0.18866453682985265, -0.02199928226048311, 0.12522525116747346, 0.23859132201713198, 0.30948781465758035, 0.3353377541619643, 0.3190998197584493, 0.26819709204644476, 0.1930721268884621, 0.10558429524213195, 0.017455045823908374, -0.06106590012598989, -0.12218871057546436, -0.16115756299236494, -0.1763991019097693, -0.16928424241520357, -0.14358178217193565, -0.10470748558030148, -0.0588822244988848, -0.012308271270787022, 0.02954364043812278, 0.06246886106459705, 0.08384684532338371, 0.09273451881589083, 0.08975384697069912, 0.07681371310781089, 0.056720034892061504, 0.03273382775007776, 0.00813505401820224, -0.014158197972842774, -0.03187857602893864, -0.0435851756976983, -0.048720755346594494, -0.04755948149746167, -0.041065667461072555, -0.03069153619347431, -0.018145375010478717, -0.005160728444471297, 0.006706885549697274, 0.016235918084695544, 0.022635646483396783, 0.025580565833051384, 0.025186585463593626, 0.02193945013351691, 0.016589942216975292, 0.010032333239125628, 0.003182313500041043, -0.0031314513620900324, -0.008251425609888051, -0.011744478939289002, -0.013422252840881914, -0.013330608404383932, -0.011713449932660316, -0.008958476146220513, -0.00553349943878791, -0.0019219221386149873, 0.00143507666381746, 0.00418386027162699, 0.006087579839799719, 0.007038092505163609, 0.007051462468905812, 0.006249728873412419, 0.004832854432412684, 0.0030453852249125173, 0.001142364669805881, -0.0006414683654868554, -0.0021160776036842533, -0.003152153866024712, -0.003688021947137726, -0.0037278355381743966, -0.003332417249719746, -0.002604770171263458, -0.0016726347808939531, -0.0006704927830692224, 0.0002768334511946136, 0.0010673045560768808, 0.0016304293484160559, 0.0019312352604296085, 0.0019696183484123335, 0.0017757571463570233, 0.0014026384086508576, 0.0009169377049766254, 0.00038952367776481234], "extra": {"order": 2, "type": "BP", "params": {"Tmax": 4, "m": 0.2, "w0": 1000}}}