{"type": "step", "t": [0.0, 0.1414141414141414, 0.2828282828282828, 0.4242424242424242, 0.5656565656565656, 0.7070707070707071, 0.8484848484848484, 0.9898989898989898, 1.1313131313131313, 1.2727272727272727, 1.4141414141414141, 1.5555555555555556, 1.6969696969696968, 1.8383838383838382, 1.9797979797979797, 2.121212121212121, 2.2626262626262625, 2.404040404040404, 2.5454545454545454, 2.686868686868687, 2.8282828282828283, 2.9696969696969697, 3.111111111111111, 3.2525252525252526, 3.3939393939393936, 3.535353535353535, 3.6767676767676765, 3.818181818181818, 3.9595959595959593, 4.101010101010101, 4.242424242424242, 4.383838383838384, 4.525252525252525, 4.666666666666666, 4.808080808080808, 4.949494949494949, 5.090909090909091, 5.232323232323232, 5.373737373737374, 5.515151515151515, 5.656565656565657, 5.797979797979798, 5.9393939393939394, 6.08080808080808, 6.222222222222222, 6.363636363636363, 6.505050505050505, 6.646464646464646, 6.787878787878787, 6.929292929292929, 7.07070707070707, 7.212121212121212, 7.353535353535353, 7.494949494949495, 7.636363636363636, 7.777777777777778, 7.919191919191919, 8.06060606060606, 8.202020202020202, 8.343434343434343, 8.484848484848484, 8.626262626262626, 8.767676767676768, 8.909090909090908, 9.05050505050505, 9.191919191919192, 9.333333333333332, 9.474747474747474, 9.616161616161616, 9.757575757575758, 9.898989898989898, 10.04040404040404, 10.181818181818182, 10.323232323232324, 10.464646464646464, 10.606060606060606, 10.747474747474747, 10.88888888888889, 11.03030303030303, 11.171717171717171, 11.313131313131313, 11.454545454545453, 11.595959595959595, 11.737373737373737, 11.878787878787879, 12.020202020202019, 12.16161616161616, 12.303030303030303, 12.444444444444445, 12.585858585858585, 12.727272727272727, 12.868686868686869, 13.01010101010101, 13.15151515151515, 13.292929292929292, 13.434343434343434, 13.575757575757574, 13.717171717171716, 13.858585858585858, 14.0], "s": [10.0, 9.317347845681871, 8.68129708774326, 8.088666471820897, 7.53649191256596, 7.02201166855453, 6.5426525292359505, 6.096016944832163, 5.6798710348172134, 5.292133415000501, 4.930864787331597, 4.594258240359265, 4.280630211831758, 3.9884120682371353, 3.716142259168085, 3.462459007270711, 3.2260934972155546, 3.005863529624964, 2.800667608216485, 2.609479430588686, 2.431342755094665, 2.2653666181295495, 2.1107208779108984, 1.966632062463887, 1.832379501044679, 1.7072917196530248, 1.590743082605961, 1.482150663375199, 1.3809713290374859, 1.2866990237555846, 1.198862237703004, 1.117021648773143, 1.0407679252776436, 0.9697196786440436, 0.9035215558729384, 0.841842462213986, 0.7843739051713001, 0.7308284515556895, 0.6809382898665426, 0.634453890813031, 0.5911427592751277, 0.5507882714622543, 0.5131885914535683, 0.4781556617008409, 0.44551426244489, 0.41510113534114446, 0.3867641669110906, 0.36036162773559965, 0.3357614635848698, 0.31284063493954584, 0.29148450159957306, 0.2715862493028425, 0.2530463554858642, 0.23577209151438616, 0.21967705889434797, 0.20468075714349787, 0.19070818116235166, 0.17768944609069415, 0.16555943777335358, 0.1542574870869835, 0.14372706649901978, 0.13391550734107938, 0.12477373638277989, 0.1162560303883744, 0.1083197874286661, 0.1009253138043178, 0.09403562551494282, 0.08761626328089989, 0.08163512019270058, 0.07606228112594415, 0.0708698731186459, 0.06603192596257479, 0.061524242311360666, 0.05732427665569695, 0.05341102256032393, 0.04976490759880825, 0.04636769546063135, 0.0432023947409359, 0.04025317395677419, 0.03750528236480122, 0.03494497618433634, 0.03255944985685311, 0.030336771998031864, 0.02826582572208025, 0.026336253039804802, 0.0245384030523752, 0.02286328368165158, 0.02130251669564487, 0.01984829580417724, 0.018493347615148537, 0.017230895256146184, 0.01605462447940198, 0.014958652080638402, 0.013937496473783284, 0.012986050274419014, 0.012099554754827935, 0.011273576042860611, 0.010503982945607504, 0.009786926286931674, 0.00911881965553718], "extra": {"order": 1, "type": "HP", "params": {"Tinf": 10, "tau": 2}}}