{"type": "zpk", "poles": {"real": [-50.000000000000014, -50.000000000000014], "imag": [497.49371855331003, -497.49371855331003]}, "zeros": {"real": [0.0, 0.0], "imag": [0.0, 0.0]}, "extra": {"order": 2, "type": "HP", "params": {"Tinf": 1, "m": 0.1, "w0": 500}}}