{"type": "step", "t": [0.0, 0.0263882380333153, 0.0527764760666306, 0.0791647140999459, 0.1055529521332612, 0.1319411901665765, 0.1583294281998918, 0.1847176662332071, 0.2111059042665224, 0.2374941422998377, 0.263882380333153, 0.2902706183664683, 0.3166588563997836, 0.3430470944330989, 0.3694353324664142, 0.3958235704997295, 0.4222118085330448, 0.4486000465663601, 0.4749882845996754, 0.5013765226329907, 0.527764760666306, 0.5541529986996213, 0.5805412367329366, 0.6069294747662519, 0.6333177127995672, 0.6597059508328825, 0.6860941888661978, 0.7124824268995131, 0.7388706649328284, 0.7652589029661437, 0.791647140999459, 0.8180353790327743, 0.8444236170660896, 0.8708118550994048, 0.8972000931327202, 0.9235883311660354, 0.9499765691993508, 0.976364807232666, 1.0027530452659814, 1.0291412832992968, 1.055529521332612, 1.0819177593659273, 1.1083059973992426, 1.134694235432558, 1.1610824734658731, 1.1874707114991885, 1.2138589495325038, 1.2402471875658192, 1.2666354255991343, 1.2930236636324497, 1.319411901665765, 1.3458001396990802, 1.3721883777323955, 1.398576615765711, 1.4249648537990263, 1.4513530918323414, 1.4777413298656568, 1.5041295678989721, 1.5305178059322875, 1.5569060439656026, 1.583294281998918, 1.6096825200322333, 1.6360707580655487, 1.6624589960988638, 1.6888472341321792, 1.7152354721654945, 1.7416237101988097, 1.768011948232125, 1.7944001862654404, 1.8207884242987558, 1.847176662332071, 1.8735649003653863, 1.8999531383987016, 1.926341376432017, 1.952729614465332, 1.9791178524986475, 2.005506090531963, 2.031894328565278, 2.0582825665985935, 2.0846708046319087, 2.111059042665224, 2.1374472806985394, 2.1638355187318545, 2.1902237567651697, 2.2166119947984853, 2.2430002328318004, 2.269388470865116, 2.295776708898431, 2.3221649469317462, 2.348553184965062, 2.374941422998377, 2.401329661031692, 2.4277178990650077, 2.454106137098323, 2.4804943751316384, 2.5068826131649535, 2.5332708511982687, 2.5596590892315843, 2.5860473272648994, 2.6124355652982145], "s": [0.0, 0.02508603284156272, 0.0755110810684306, 0.13259774457158643, 0.1895612343180407, 0.24404565663019637, 0.29533716563304, 0.34332389099173083, 0.3881082391817016, 0.4298628070466121, 0.4687772366631104, 0.5050389914164856, 0.5388267590970582, 0.5703085314369946, 0.5996413932202166, 0.6269719153569007, 0.6524367413316208, 0.6761632158660031, 0.6982700013858648, 0.7188676638792857, 0.7380592230466266, 0.7559406664951618, 0.7726014294299833, 0.7881248418220126, 0.8025885451334003, 0.81606488062623, 0.8286212511748803, 0.8403204583835344, 0.8512210166919134, 0.8613774460391204, 0.8708405445489509, 0.8796576426003662, 0.8878728395538221, 0.8955272243174371, 0.9026590808561665, 0.9093040796718509, 0.9154954562118387, 0.9212641770985045, 0.9266390950110763, 0.9316470929944181, 0.9363132189165448, 0.9406608107473657, 0.944711613285246, 0.9484858869152062, 0.9520025089427185, 0.9552790680099306, 0.9583319520665441, 0.9611764303353446, 0.9638267296823344, 0.9662961057734432, 0.9685969093737102, 0.9707406481205388, 0.9727380440799855, 0.9745990873739581, 0.9763330861465396, 0.9779487131193523, 0.9794540489688086, 0.9808566227422044, 0.9821634495148004, 0.9833810654762329, 0.9845155606217453, 0.9855726092117428, 0.9865574981520223, 0.9874751534366172, 0.9883301647855172, 0.9891268086004876, 0.9898690693538069, 0.9905606595168941, 0.9912050381285077, 0.9918054280953797, 0.9923648323118203, 0.9928860486789121, 0.9933716840984177, 0.9938241675113894, 0.9942457620466953, 0.9946385763402238, 0.9950045750813797, 0.995345588839623, 0.9956633232201945, 0.9959593673948262, 0.9962352020500992, 0.9964922067932066, 0.9967316670521587, 0.996954780504946, 0.9971626630698132, 0.9973563544866051, 0.9975368235171025, 0.9977049727903543, 0.9978616433172428, 0.9980076186968614, 0.9981436290357425, 0.9982703545995391, 0.9983884292154223, 0.9984984434422152, 0.9986009475241155, 0.9986964541427824, 0.9987854409815508, 0.9988683531145999, 0.9989456052330246, 0.9990175837189424], "extra": {"order": 2, "type": "LP", "params": {"T0": 1, "m": 2, "w0": 10}}}