{"type": "zpk", "poles": {"real": [-373.2050807568877, -26.794919243112275], "imag": [0.0, 0.0]}, "zeros": {"real": [-0.0, 0.0], "imag": [100.00000000000001, -100.00000000000001]}, "extra": {"order": 2, "type": "Notch", "params": {"T0": 1, "m": 2, "w0": 100}}}