{"type": "step", "t": [0.0, 3.535353535353535e-05, 7.07070707070707e-05, 0.00010606060606060605, 0.0001414141414141414, 0.00017676767676767677, 0.0002121212121212121, 0.0002474747474747475, 0.0002828282828282828, 0.00031818181818181815, 0.00035353535353535354, 0.00038888888888888887, 0.0004242424242424242, 0.0004595959595959596, 0.000494949494949495, 0.0005303030303030302, 0.0005656565656565656, 0.000601010101010101, 0.0006363636363636363, 0.0006717171717171717, 0.0007070707070707071, 0.0007424242424242423, 0.0007777777777777777, 0.0008131313131313131, 0.0008484848484848484, 0.0008838383838383838, 0.0009191919191919192, 0.0009545454545454546, 0.00098989898989899, 0.0010252525252525252, 0.0010606060606060605, 0.001095959595959596, 0.0011313131313131313, 0.0011666666666666665, 0.001202020202020202, 0.0012373737373737373, 0.0012727272727272726, 0.001308080808080808, 0.0013434343434343434, 0.0013787878787878786, 0.0014141414141414141, 0.0014494949494949494, 0.0014848484848484847, 0.0015202020202020202, 0.0015555555555555555, 0.0015909090909090907, 0.0016262626262626262, 0.0016616161616161615, 0.0016969696969696968, 0.0017323232323232323, 0.0017676767676767676, 0.001803030303030303, 0.0018383838383838383, 0.0018737373737373736, 0.0019090909090909091, 0.0019444444444444444, 0.00197979797979798, 0.002015151515151515, 0.0020505050505050504, 0.002085858585858586, 0.002121212121212121, 0.0021565656565656565, 0.002191919191919192, 0.002227272727272727, 0.0022626262626262625, 0.002297979797979798, 0.002333333333333333, 0.0023686868686868686, 0.002404040404040404, 0.002439393939393939, 0.0024747474747474746, 0.00251010101010101, 0.002545454545454545, 0.0025808080808080807, 0.002616161616161616, 0.0026515151515151512, 0.0026868686868686867, 0.0027222222222222222, 0.0027575757575757573, 0.002792929292929293, 0.0028282828282828283, 0.0028636363636363633, 0.002898989898989899, 0.0029343434343434343, 0.0029696969696969694, 0.003005050505050505, 0.0030404040404040404, 0.0030757575757575754, 0.003111111111111111, 0.0031464646464646464, 0.0031818181818181815, 0.003217171717171717, 0.0032525252525252525, 0.0032878787878787875, 0.003323232323232323, 0.0033585858585858585, 0.0033939393939393936, 0.003429292929292929, 0.0034646464646464646, 0.0035], "s": [4.0, 3.4834348123606946, 3.094571670274466, 2.8614233089792966, 2.790347726200422, 2.8681704448945213, 3.0662798568597727, 3.345963085141381, 3.6642033205390288, 3.979209092328887, 4.255073057599837, 4.465137738705914, 4.593850507979322, 4.637093082653016, 4.601148691673615, 4.500605695618153, 4.355579713798536, 4.188664536829853, 4.0219992822604835, 3.874774748832528, 3.7614086779828697, 3.690512185342422, 3.664662245838038, 3.680900180241553, 3.7318029079535573, 3.8069278731115395, 3.894415704757869, 3.982544954176092, 4.061065900125989, 4.122188710575463, 4.161157562992363, 4.176399101909768, 4.169284242415202, 4.1435817821719345, 4.104707485580301, 4.058882224498885, 4.012308271270787, 3.9704563595618785, 3.9375311389354044, 3.916153154676618, 3.907265481184111, 3.9102461530293025, 3.9231862868921907, 3.9432799651079398, 3.9672661722499227, 3.991864945981798, 4.014158197972843, 4.031878576028938, 4.0435851756976975, 4.048720755346594, 4.047559481497461, 4.041065667461072, 4.030691536193474, 4.018145375010478, 4.005160728444472, 3.9932931144503034, 3.983764081915305, 3.977364353516604, 3.9744194341669496, 3.974813414536407, 3.9780605498664836, 3.983410057783025, 3.989967666760875, 3.996817686499959, 4.00313145136209, 4.008251425609888, 4.011744478939288, 4.013422252840882, 4.013330608404384, 4.01171344993266, 4.00895847614622, 4.005533499438788, 4.0019219221386155, 3.9985649233361826, 3.9958161397283734, 3.9939124201602008, 3.992961907494837, 3.9929485375310945, 3.9937502711265878, 3.9951671455675877, 3.996954614775088, 3.9988576353301943, 4.000641468365488, 4.002116077603684, 4.003152153866025, 4.003688021947138, 4.003727835538175, 4.0033324172497196, 4.0026047701712635, 4.001672634780894, 4.000670492783069, 3.9997231665488053, 3.9989326954439233, 3.998369570651584, 3.9980687647395707, 3.998030381651588, 3.9982242428536434, 3.9985973615913495, 3.999083062295024, 3.9996104763222355], "extra": {"order": 2, "type": "Notch", "params": {"T0": 4, "m": 0.2, "w0": 10000}}}