{"type": "step", "t": [0.0, 0.011133511802717561, 0.022267023605435123, 0.03340053540815269, 0.044534047210870245, 0.0556675590135878, 0.06680107081630537, 0.07793458261902293, 0.08906809442174049, 0.10020160622445805, 0.1113351180271756, 0.12246862982989318, 0.13360214163261075, 0.1447356534353283, 0.15586916523804586, 0.1670026770407634, 0.17813618884348098, 0.18926970064619855, 0.2004032124489161, 0.21153672425163367, 0.2226702360543512, 0.23380374785706878, 0.24493725965978635, 0.2560707714625039, 0.2672042832652215, 0.27833779506793904, 0.2894713068706566, 0.30060481867337413, 0.31173833047609173, 0.3228718422788093, 0.3340053540815268, 0.3451388658842444, 0.35627237768696196, 0.3674058894896795, 0.3785394012923971, 0.38967291309511465, 0.4008064248978322, 0.4119399367005498, 0.42307344850326734, 0.4342069603059849, 0.4453404721087024, 0.45647398391142, 0.46760749571413757, 0.4787410075168551, 0.4898745193195727, 0.5010080311222903, 0.5121415429250078, 0.5232750547277254, 0.534408566530443, 0.5455420783331605, 0.5566755901358781, 0.5678091019385956, 0.5789426137413132, 0.5900761255440308, 0.6012096373467483, 0.6123431491494659, 0.6234766609521835, 0.634610172754901, 0.6457436845576185, 0.6568771963603361, 0.6680107081630536, 0.6791442199657712, 0.6902777317684888, 0.7014112435712063, 0.7125447553739239, 0.7236782671766415, 0.734811778979359, 0.7459452907820766, 0.7570788025847942, 0.7682123143875117, 0.7793458261902293, 0.7904793379929469, 0.8016128497956644, 0.812746361598382, 0.8238798734010996, 0.8350133852038171, 0.8461468970065347, 0.8572804088092523, 0.8684139206119698, 0.8795474324146874, 0.8906809442174048, 0.9018144560201224, 0.91294796782284, 0.9240814796255575, 0.9352149914282751, 0.9463485032309927, 0.9574820150337102, 0.9686155268364278, 0.9797490386391454, 0.9908825504418629, 1.0020160622445806, 1.013149574047298, 1.0242830858500156, 1.0354165976527332, 1.0465501094554508, 1.0576836212581684, 1.068817133060886, 1.0799506448636034, 1.091084156666321, 1.1022176684690386], "s": [2.0, 0.10121947392071307, 0.2071213000674621, 0.32921626419707484, 0.4432689747639038, 0.5495395073383447, 0.648555504767705, 0.7408121543716613, 0.8267708839225101, 0.9068616222824142, 0.9814849491340878, 1.0510140985019931, 1.1157968255095079, 1.1761571457015942, 1.232396955632235, 1.284797542822116, 1.3336209926387264, 1.3791114991354814, 1.4214965864061333, 1.4609882465631578, 1.4977840000318032, 1.5320678834629358, 1.5640113702058027, 1.5937742279445248, 1.6215053177878465, 1.6473433388088548, 1.6714175217585325, 1.6938482754228055, 1.714747788855889, 1.7342205925020426, 1.7523640810122305, 1.7692690003705858, 1.7850199017670858, 1.7996955644865082, 1.8133693899287844, 1.8261097687314671, 1.8379804228305012, 1.8490407241701488, 1.8593459916561041, 1.8689477678370483, 1.8778940766984726, 1.8862296638581522, 1.8939962203646252, 1.901232591218021, 1.9079749696561652, 1.914257078177706, 1.9201103372076584, 1.9255640222489527, 1.9306454103060058, 1.9353799163126513, 1.9397912202467902, 1.94390138556753, 1.947730969567189, 1.9512991261900974, 1.9546237018324482, 1.9577213246023544, 1.9606074874865465, 1.963296625839678, 1.9658021895838071, 1.9681367104791652, 1.9703118648026714, 1.972338531747686, 1.9742268478370908, 1.975986257621849, 1.9776255609186175, 1.9791529568226744, 1.980576084716291, 1.9819020624776629, 1.9831375220814973, 1.984288642769318, 1.9853611819553967, 1.986360504022879, 1.9872916071541389, 1.9881591483295535, 1.9889674666197332, 1.9897206048876959, 1.990422330009546, 1.9910761517147795, 1.991685340140451, 1.9922529421870057, 1.9927817967575727, 1.9932745489569477, 1.993733663321278, 1.9941614361446196, 1.99456000696402, 1.994931369260569, 1.9952773804299408, 1.995599771072294, 1.995900153647993, 1.9961800305424502, 1.9964408015804131, 1.996683771027291, 1.9969101541125345, 1.9971210831076935, 1.9973176129895571, 1.9975007267166969, 1.9976713401458046, 1.9978303066124192, 1.9979784211989435, 1.9981164247113103], "extra": {"order": 2, "type": "Notch", "params": {"T0": 2, "m": 4, "w0": 50}}}