{"type": "step", "t": [0.0, 0.0707070707070707, 0.1414141414141414, 0.2121212121212121, 0.2828282828282828, 0.35353535353535354, 0.4242424242424242, 0.4949494949494949, 0.5656565656565656, 0.6363636363636364, 0.7070707070707071, 0.7777777777777778, 0.8484848484848484, 0.9191919191919191, 0.9898989898989898, 1.0606060606060606, 1.1313131313131313, 1.202020202020202, 1.2727272727272727, 1.3434343434343434, 1.4141414141414141, 1.4848484848484849, 1.5555555555555556, 1.6262626262626263, 1.6969696969696968, 1.7676767676767675, 1.8383838383838382, 1.909090909090909, 1.9797979797979797, 2.0505050505050506, 2.121212121212121, 2.191919191919192, 2.2626262626262625, 2.333333333333333, 2.404040404040404, 2.4747474747474745, 2.5454545454545454, 2.616161616161616, 2.686868686868687, 2.7575757575757573, 2.8282828282828283, 2.898989898989899, 2.9696969696969697, 3.04040404040404, 3.111111111111111, 3.1818181818181817, 3.2525252525252526, 3.323232323232323, 3.3939393939393936, 3.4646464646464645, 3.535353535353535, 3.606060606060606, 3.6767676767676765, 3.7474747474747474, 3.818181818181818, 3.888888888888889, 3.9595959595959593, 4.03030303030303, 4.101010101010101, 4.171717171717171, 4.242424242424242, 4.313131313131313, 4.383838383838384, 4.454545454545454, 4.525252525252525, 4.595959595959596, 4.666666666666666, 4.737373737373737, 4.808080808080808, 4.878787878787879, 4.949494949494949, 5.02020202020202, 5.090909090909091, 5.161616161616162, 5.232323232323232, 5.303030303030303, 5.373737373737374, 5.444444444444445, 5.515151515151515, 5.585858585858586, 5.656565656565657, 5.727272727272727, 5.797979797979798, 5.8686868686868685, 5.9393939393939394, 6.0101010101010095, 6.08080808080808, 6.151515151515151, 6.222222222222222, 6.292929292929292, 6.363636363636363, 6.434343434343434, 6.505050505050505, 6.575757575757575, 6.646464646464646, 6.717171717171717, 6.787878787878787, 6.858585858585858, 6.929292929292929, 7.0], "s": [0.0, 0.22891249505188987, 0.772400615757198, 1.3459811880053656, 1.6892312241581746, 1.6790533105331116, 1.3666047598776394, 0.931445547631574, 0.5843224174311107, 0.4688289004104411, 0.6060584554050732, 0.9013274531511132, 1.2017769099800801, 1.3723891561228057, 1.3540031004486692, 1.179762627955235, 0.9481252909933193, 0.7702278357204524, 0.7185236337450923, 0.7994891068902041, 0.9594284416466154, 1.116416555430671, 1.2006513761113546, 1.1840645127046003, 1.087367533713742, 0.9643589513599279, 0.8735070828035194, 0.8511923624721183, 0.898353953201338, 0.9847434861811357, 1.0665621748452223, 1.1078306701567453, 1.0954447034492067, 1.0420176170997313, 0.9768494004631821, 0.9306258435869418, 0.9215158100300755, 0.9486983328834057, 0.9952338733008634, 1.0377637503140813, 1.0578005787070675, 1.0493518193643452, 1.0199514156994418, 0.9855075368702837, 0.9620855347913454, 0.9587042067200242, 0.9742326150853169, 0.9992341915976578, 1.0212812049677717, 1.0309057927282705, 1.025442836245944, 1.00932448711048, 0.9911625804189604, 0.9793470049245103, 0.978323752242148, 0.9871271440489194, 1.00052523682391, 1.0119216795796508, 1.016484945555185, 1.013075837338821, 1.0042699270165871, 0.9947161195624138, 0.9887846611892342, 0.9886498971659542, 0.9936076703161468, 1.0007697470119215, 1.006643195535358, 1.0087718590545933, 1.0066978127133335, 1.0019025998411362, 0.9968890580973477, 0.9939275926422549, 0.9940717019616185, 0.9968474200169778, 1.0006666592832294, 1.0036841830705492, 1.004656543102812, 1.003418681999126, 1.0008155246680992, 0.9981910156858762, 0.9967214198428345, 0.9969115121653996, 0.9984574365563458, 1.0004891978870742, 1.0020343040730337, 1.0024660951401723, 1.001738325362166, 1.0003293008781218, 0.9989588505288315, 0.9982346321623574, 0.9983952336134073, 0.9992521666184483, 1.0003304608067938, 1.0011188070743062, 1.00130296195695, 1.000880262513038, 1.0001197287418713, 0.9994059546378735, 0.9990519108707802, 0.9991684568701763], "extra": {"K": 1, "m": 0.1, "w0": 10}}