{"type": "step", "t": [0.0, 7.070707070707073e-05, 0.00014141414141414146, 0.0002121212121212122, 0.0002828282828282829, 0.00035353535353535364, 0.0004242424242424244, 0.0004949494949494951, 0.0005656565656565659, 0.0006363636363636366, 0.0007070707070707073, 0.0007777777777777781, 0.0008484848484848488, 0.0009191919191919195, 0.0009898989898989902, 0.001060606060606061, 0.0011313131313131317, 0.0012020202020202025, 0.0012727272727272732, 0.0013434343434343438, 0.0014141414141414146, 0.0014848484848484853, 0.0015555555555555561, 0.0016262626262626269, 0.0016969696969696977, 0.0017676767676767682, 0.001838383838383839, 0.0019090909090909098, 0.0019797979797979803, 0.0020505050505050513, 0.002121212121212122, 0.002191919191919193, 0.0022626262626262634, 0.002333333333333334, 0.002404040404040405, 0.0024747474747474755, 0.0025454545454545465, 0.002616161616161617, 0.0026868686868686876, 0.0027575757575757586, 0.002828282828282829, 0.0028989898989899, 0.0029696969696969707, 0.0030404040404040412, 0.0031111111111111122, 0.003181818181818183, 0.0032525252525252538, 0.0033232323232323243, 0.0033939393939393953, 0.003464646464646466, 0.0035353535353535364, 0.0036060606060606074, 0.003676767676767678, 0.003747474747474749, 0.0038181818181818195, 0.00388888888888889, 0.003959595959595961, 0.004030303030303032, 0.004101010101010103, 0.004171717171717173, 0.004242424242424244, 0.004313131313131315, 0.004383838383838386, 0.004454545454545456, 0.004525252525252527, 0.004595959595959598, 0.004666666666666668, 0.004737373737373739, 0.00480808080808081, 0.004878787878787881, 0.004949494949494951, 0.005020202020202022, 0.005090909090909093, 0.005161616161616163, 0.005232323232323234, 0.005303030303030305, 0.005373737373737375, 0.005444444444444446, 0.005515151515151517, 0.005585858585858588, 0.005656565656565658, 0.005727272727272729, 0.0057979797979798, 0.00586868686868687, 0.005939393939393941, 0.006010101010101012, 0.0060808080808080825, 0.0061515151515151535, 0.0062222222222222245, 0.0062929292929292955, 0.006363636363636366, 0.006434343434343437, 0.0065050505050505076, 0.006575757575757578, 0.006646464646464649, 0.00671717171717172, 0.006787878787878791, 0.006858585858585861, 0.006929292929292932, 0.007000000000000002], "s": [1.0, 0.6499303250462487, 0.05543287137042252, -0.48545272522084826, -0.737959900637507, -0.6272182436570848, -0.2506433939068937, 0.18833805949197369, 0.4852227171632332, 0.5260082678693749, 0.32623087122522576, 0.006936480307311088, -0.2733538490358558, -0.39446245800664226, -0.3232315887350006, -0.11687327201812847, 0.11452794160763746, 0.2642074066576059, 0.27601832708266694, 0.16286066519199693, -0.008191800864082666, -0.1530248769315461, -0.2103395328539459, -0.16605078469233092, -0.05335912833213263, 0.06832934660378376, 0.14341986437526733, 0.14448344868474483, 0.08080651162754338, -0.010602880427012185, -0.08521741554237128, -0.11189079141447644, -0.08501903947485134, -0.02367785081757945, 0.0401609057918485, 0.07762480893360768, 0.07544136209537133, 0.03981511788338765, -0.008914895289771962, -0.04723291185221945, -0.059379524452892296, -0.04337506897331522, -0.010087617117868763, 0.02332050220922277, 0.04189620955449058, 0.03929003999474756, 0.019460503174439703, -0.0064551289868310935, -0.02606709433862875, -0.03143791658389783, -0.022044220986807694, -0.0040330417021385845, 0.013406218977584539, 0.02255167951830861, 0.020408001715059854, 0.009422351339054114, -0.004327463332293613, -0.014329225677778279, -0.016605285695740157, -0.01115678053118585, -0.0014384422249917872, 0.0076414805842675015, 0.012107434587670718, 0.010571084110345796, 0.004510875340572595, -0.002767037882307921, -0.007848035062757885, -0.008750049963664575, -0.005620864618225863, -0.0003911705157664258, 0.004323779286607987, 0.006483754205163783, 0.00545992907795112, 0.002129916920380337, -0.0017132767201029075, -0.004283640922783993, -0.004599783708496563, -0.002817618717101178, -1.0677543844428428e-05, 0.002430885536130689, 0.003463601182545295, 0.002811515083841365, 0.0009883579775233908, -0.0010362854624719198, -0.0023306030423284607, -0.002412198281045441, -0.0014045110264417904, 9.826578023230947e-05, 0.0013589351741438715, 0.0018457636690892842, 0.0014431310867590863, 0.0004483527287909572, -0.0006157077483324169, -0.0012641600123197705, -0.001261879729222093, -0.0006956987311941276, 0.00010687498050687694, 0.0007558279897864617, 0.0009812637041929362, 0.0007382364869276126], "extra": {"order": 2, "type": "HP", "params": {"Tinf": 1, "m": 0.1, "w0": 10000}}}