{"type": "step", "t": [0.0, 0.018511351435605318, 0.037022702871210636, 0.055534054306815954, 0.07404540574242127, 0.09255675717802658, 0.11106810861363191, 0.12957946004923723, 0.14809081148484254, 0.16660216292044785, 0.18511351435605317, 0.2036248657916585, 0.22213621722726382, 0.24064756866286913, 0.25915892009847447, 0.27767027153407975, 0.2961816229696851, 0.3146929744052904, 0.3332043258408957, 0.35171567727650105, 0.37022702871210633, 0.38873838014771167, 0.407249731583317, 0.4257610830189223, 0.44427243445452763, 0.46278378589013297, 0.48129513732573825, 0.4998064887613436, 0.5183178401969489, 0.5368291916325543, 0.5553405430681595, 0.5738518945037648, 0.5923632459393702, 0.6108745973749755, 0.6293859488105809, 0.6478973002461861, 0.6664086516817914, 0.6849200031173968, 0.7034313545530021, 0.7219427059886074, 0.7404540574242127, 0.758965408859818, 0.7774767602954233, 0.7959881117310287, 0.814499463166634, 0.8330108146022394, 0.8515221660378446, 0.8700335174734499, 0.8885448689090553, 0.9070562203446606, 0.9255675717802659, 0.9440789232158712, 0.9625902746514765, 0.9811016260870818, 0.9996129775226872, 1.0181243289582924, 1.0366356803938979, 1.055147031829503, 1.0736583832651085, 1.0921697347007138, 1.110681086136319, 1.1291924375719244, 1.1477037890075297, 1.1662151404431351, 1.1847264918787404, 1.2032378433143456, 1.221749194749951, 1.2402605461855563, 1.2587718976211617, 1.277283249056767, 1.2957946004923722, 1.3143059519279776, 1.3328173033635828, 1.3513286547991883, 1.3698400062347935, 1.3883513576703987, 1.4068627091060042, 1.4253740605416094, 1.4438854119772149, 1.46239676341282, 1.4809081148484253, 1.4994194662840308, 1.517930817719636, 1.5364421691552415, 1.5549535205908467, 1.5734648720264521, 1.5919762234620574, 1.6104875748976626, 1.628998926333268, 1.6475102777688733, 1.6660216292044787, 1.684532980640084, 1.7030443320756892, 1.7215556835112946, 1.7400670349468998, 1.7585783863825053, 1.7770897378181105, 1.7956010892537158, 1.8141124406893212, 1.8326237921249264], "s": [1.0, 0.5619757992463363, 0.29586937068326324, 0.1353996352726602, 0.039759720004530985, -0.01616827263509779, -0.04784013233351603, -0.06476155229594083, -0.07277437263756426, -0.07546466537157359, -0.07502994593526102, -0.07281325247518877, -0.06963204518747856, -0.06598073420181949, -0.06215537571882379, -0.05833043289265172, -0.05460601518145802, -0.051036937401966354, -0.04765058363164498, -0.0444578780971332, -0.04146001267512811, -0.03865256282256402, -0.03602799687094427, -0.033577197518189994, -0.03129037655140232, -0.029157617375715983, -0.027169189725079868, -0.025315725382096366, -0.023588309526970885, -0.021978521272872698, -0.020478443977758776, -0.01908065794124214, -0.017778223184129027, -0.016564656988134807, -0.01543390901747399, -0.014380335705038494, -0.01339867488810631, -0.012484021252282984, -0.011631802883104836, -0.010837759068099917, -0.010097919398468713, -0.009408584164520395, -0.008766306007580438, -0.008167872774027751, -0.007610291508759026, -0.007090773522219651, -0.006606720465059279, -0.006155711346150561, -0.005735490432356327, -0.005343955971571113, -0.004979149683890238, -0.004639246969124544, -0.00432254778215535, -0.0040274681307925775, -0.0037525321537863476, -0.003496364739486779, -0.0032576846482990085, -0.0030352981045784766, -0.0028280928259420968, -0.0026350324601471797, -0.002455151401726585, -0.0022875499624570583, -0.0021313898715125124, -0.0019858900827975923, -0.0018503228684918493, -0.001724010179268376, -0.0016063202529814635, -0.0014966644548639607, -0.0013944943334265325, -0.001299298877338373, -0.001210601959567903, -0.0011279599559963494, -0.0010509595266021687, -0.0009792155481089804, -0.0009123691877632734, -0.000850086108607373, -0.0007920547972677383, -0.0007379850058983894, -0.0006876063004852551, -0.0006406667082503592, -0.0005969314573917028, -0.0005561818028547716, -0.0005182139322637003, -0.00048283794653802836, -0.00044987691009890085, -0.0004191659659131819, -0.000390551510948578, -0.0003638904279161803, -0.000339049369461053, -0.0003159040912126265, -0.0002943388303702221, -0.0002742457267050913, -0.00025552428309039144, -0.00023808086285703745, -0.00022182822146388226, -0.0002066850701367695, -0.0001925756692973124, -0.00017942944974569386, -0.00016718065970411367, -0.0001557680359534075], "extra": {"K": 1, "m": 1.5, "w0": 10}}