{"type": "zpk", "poles": {"real": [-5.000000000000002, -5.000000000000002], "imag": [49.749371855331006, -49.749371855331006]}, "zeros": {"real": [0.0], "imag": [0.0]}, "extra": {"order": 2, "type": "BP", "params": {"Tmax": 5, "m": 0.1, "w0": 50}}}