{"type": "step", "t": [0.0, 0.0263882380333153, 0.0527764760666306, 0.0791647140999459, 0.1055529521332612, 0.1319411901665765, 0.1583294281998918, 0.1847176662332071, 0.2111059042665224, 0.2374941422998377, 0.263882380333153, 0.2902706183664683, 0.3166588563997836, 0.3430470944330989, 0.3694353324664142, 0.3958235704997295, 0.4222118085330448, 0.4486000465663601, 0.4749882845996754, 0.5013765226329907, 0.527764760666306, 0.5541529986996213, 0.5805412367329366, 0.6069294747662519, 0.6333177127995672, 0.6597059508328825, 0.6860941888661978, 0.7124824268995131, 0.7388706649328284, 0.7652589029661437, 0.791647140999459, 0.8180353790327743, 0.8444236170660896, 0.8708118550994048, 0.8972000931327202, 0.9235883311660354, 0.9499765691993508, 0.976364807232666, 1.0027530452659814, 1.0291412832992968, 1.055529521332612, 1.0819177593659273, 1.1083059973992426, 1.134694235432558, 1.1610824734658731, 1.1874707114991885, 1.2138589495325038, 1.2402471875658192, 1.2666354255991343, 1.2930236636324497, 1.319411901665765, 1.3458001396990802, 1.3721883777323955, 1.398576615765711, 1.4249648537990263, 1.4513530918323414, 1.4777413298656568, 1.5041295678989721, 1.5305178059322875, 1.5569060439656026, 1.583294281998918, 1.6096825200322333, 1.6360707580655487, 1.6624589960988638, 1.6888472341321792, 1.7152354721654945, 1.7416237101988097, 1.768011948232125, 1.7944001862654404, 1.8207884242987558, 1.847176662332071, 1.8735649003653863, 1.8999531383987016, 1.926341376432017, 1.952729614465332, 1.9791178524986475, 2.005506090531963, 2.031894328565278, 2.0582825665985935, 2.0846708046319087, 2.111059042665224, 2.1374472806985394, 2.1638355187318545, 2.1902237567651697, 2.2166119947984853, 2.2430002328318004, 2.269388470865116, 2.295776708898431, 2.3221649469317462, 2.348553184965062, 2.374941422998377, 2.401329661031692, 2.4277178990650077, 2.454106137098323, 2.4804943751316384, 2.5068826131649535, 2.5332708511982687, 2.5596590892315843, 2.5860473272648994, 2.6124355652982145], "s": [8.0, 2.642610833072064, 0.6651774064514617, -0.051433605443996555, -0.29862034160573536, -0.3718719992743349, -0.3814600298715902, -0.36848254374359435, -0.34820709326180577, -0.3262590280611022, -0.3046675494017137, -0.28412358534577287, -0.26482278458238184, -0.2467800671066751, -0.2299468197691823, -0.2142543984478955, -0.1996301238367728, -0.1860030206855754, -0.173305742223139, -0.16147508469027372, -0.15045198921394842, -0.14018136519195856, -0.13061185911521989, -0.12169561428887832, -0.11338803766232886, -0.10564757910536926, -0.09843552445554593, -0.09171580220891862, -0.08545480322624854, -0.07962121267941136, -0.07418585344480988, -0.06912154017811822, -0.06440294334714558, -0.060006462545208805, -0.05591010845229505, -0.052093392853995724, -0.04853722616824996, -0.04522382196741148, -0.04213660801815777, -0.039260143394232117, -0.03658004124754122, -0.03408289685127386, -0.0317562205551809, -0.029588375317681326, -0.027568518502341988, -0.025686547647644886, -0.023933049938776207, -0.022299255128766404, -0.020776991673431056, -0.01935864586081948, -0.018037123730662685, -0.016805815593420093, -0.015658562971426093, -0.014589627796830484, -0.013593663712208937, -0.012665689330386698, -0.01180106331965547, -0.010995461189814648, -0.01024485366292005, -0.00954548652055287, -0.0088938618268255, -0.008286720433197559, -0.007721025677600579, -0.007193948196364985, -0.006702851772935503, -0.006245280152647581, -0.005818944757596256, -0.0054217132401319645, -0.005051598817784608, -0.004706750336211485, -0.004385443010527013, -0.004086069798649561, -0.0038071333635762983, -0.0035472385843320353, -0.0033050855781855404, -0.0030794631991692967, -0.0028692429804628716, -0.0026733734902766315, -0.0024908750730325835, -0.002320834949557593, -0.0021624026517450545, -0.0020147857688730397, -0.0018772459843106049, -0.001749095382773902, -0.0016296930096579842, -0.0015184416652651578, -0.0014147849178662852, -0.0013182043206576566, -0.001228216818725869, -0.0011443723329982447, -0.0010662515091510727, -0.000993463620174495, -0.0009256446121188588, -0.0008624552832579013, -0.0008035795875471763, -0.0007487230538867351, -0.0006976113133134731, -0.0006499887267228388, -0.0006056171062631677, -0.0005642745240361791], "extra": {"order": 2, "type": "HP", "params": {"Tinf": 8, "m": 2, "w0": 10}}}