{"type": "zpk", "poles": {"real": [-900.0000000000001, -900.0000000000001], "imag": [435.88989435406756, -435.88989435406756]}, "zeros": {"real": [0.0], "imag": [0.0]}, "extra": {"order": 2, "type": "BP", "params": {"Tmax": 2, "m": 0.9, "w0": 1000}}}