{"type": "zpk", "poles": {"real": [-26.18033988749895, -3.8196601125010514], "imag": [0.0, 0.0]}, "zeros": {"real": [0.0, 0.0], "imag": [0.0, 0.0]}, "extra": {"order": 2, "type": "HP", "params": {"Tinf": 10, "m": 1.5, "w0": 10}}}