{"type": "step", "t": [0.0, 0.35353535353535354, 0.7070707070707071, 1.0606060606060606, 1.4141414141414141, 1.7676767676767677, 2.121212121212121, 2.474747474747475, 2.8282828282828283, 3.1818181818181817, 3.5353535353535355, 3.888888888888889, 4.242424242424242, 4.595959595959596, 4.94949494949495, 5.303030303030303, 5.656565656565657, 6.01010101010101, 6.363636363636363, 6.717171717171717, 7.070707070707071, 7.424242424242424, 7.777777777777778, 8.131313131313131, 8.484848484848484, 8.83838383838384, 9.191919191919192, 9.545454545454545, 9.8989898989899, 10.252525252525253, 10.606060606060606, 10.95959595959596, 11.313131313131313, 11.666666666666666, 12.02020202020202, 12.373737373737374, 12.727272727272727, 13.080808080808081, 13.434343434343434, 13.787878787878787, 14.141414141414142, 14.494949494949495, 14.848484848484848, 15.202020202020202, 15.555555555555555, 15.909090909090908, 16.262626262626263, 16.616161616161616, 16.96969696969697, 17.32323232323232, 17.67676767676768, 18.03030303030303, 18.383838383838384, 18.737373737373737, 19.09090909090909, 19.444444444444443, 19.7979797979798, 20.151515151515152, 20.505050505050505, 20.858585858585858, 21.21212121212121, 21.565656565656564, 21.91919191919192, 22.272727272727273, 22.626262626262626, 22.97979797979798, 23.333333333333332, 23.68686868686869, 24.04040404040404, 24.393939393939394, 24.747474747474747, 25.1010101010101, 25.454545454545453, 25.80808080808081, 26.161616161616163, 26.515151515151516, 26.86868686868687, 27.22222222222222, 27.575757575757574, 27.92929292929293, 28.282828282828284, 28.636363636363637, 28.98989898989899, 29.343434343434343, 29.696969696969695, 30.050505050505052, 30.404040404040405, 30.757575757575758, 31.11111111111111, 31.464646464646464, 31.818181818181817, 32.17171717171717, 32.525252525252526, 32.878787878787875, 33.23232323232323, 33.58585858585859, 33.93939393939394, 34.292929292929294, 34.64646464646464, 35.0], "s": [0.0, 0.1365304308636258, 0.26374058245134796, 0.38226670563582066, 0.49270161748680774, 0.5955976662890939, 0.6914694941528098, 0.7807966110335673, 0.8640257930365571, 0.9415733169998994, 1.0138270425336804, 1.0811483519281468, 1.1438739576336483, 1.2023175863525728, 1.256771548166383, 1.3075081985458576, 1.354781300556889, 1.398827294075007, 1.4398664783567028, 1.4781041138822626, 1.513731448981067, 1.54692667637409, 1.5778558244178202, 1.6066735875072227, 1.6335240997910643, 1.658541656069395, 1.6818513834788078, 1.7035698673249606, 1.7238057341925028, 1.7426601952488832, 1.7602275524593989, 1.7765956702453711, 1.7918464149444706, 1.8060560642711907, 1.8192956888254117, 1.8316315075572025, 1.8431252189657397, 1.853834309688862, 1.8638123420266917, 1.8731092218373935, 1.881771448144974, 1.8898423457075488, 1.8973622817092863, 1.9043688676598318, 1.9108971475110217, 1.9169797729317708, 1.9226471666177816, 1.9279276744528797, 1.9328477072830257, 1.9374318730120903, 1.941703099680085, 1.9456827501394311, 1.9493907289028265, 1.9528455816971222, 1.95606458822113, 1.9590638485713001, 1.9618583637675298, 1.9644621107818612, 1.9668881124453295, 1.969148502582603, 1.9712545867001958, 1.9732168985317835, 1.9750452527234434, 1.976748793922324, 1.9783360425142662, 1.9798149372391354, 1.981192874897011, 1.9824767473438194, 1.9836729759614595, 1.9847875437748108, 1.9858260253762705, 1.9867936148074845, 1.9876951515377272, 1.9885351446688604, 1.9893177954879353, 1.9900470184802381, 1.9907264609078734, 1.991359521051813, 1.9919493652086449, 1.99249894352704, 1.9930110047631329, 1.9934881100286295, 1.9939326456003934, 1.9943468348555837, 1.994732749392039, 1.9950923193895251, 1.9954273432636698, 1.995739496660871, 1.9960303408391646, 1.9963013304769701, 1.9965538209487708, 1.9967890751041197, 1.9970082695838725, 1.9972125007052435, 1.9974027899451163, 1.997580089049035, 1.9977452847914283, 1.997899203410879, 1.9980426147426138, 1.9981762360688924], "extra": {"order": 1, "type": "LP", "params": {"T0": 2, "tau": 5}}}