{"type": "bode", "w": [0.01, 0.011513953993264475, 0.013257113655901088, 0.015264179671752334, 0.017575106248547922, 0.020235896477251575, 0.023299518105153717, 0.02682695795279726, 0.030888435964774818, 0.03556480306223129, 0.040949150623804255, 0.04714866363457394, 0.054286754393238594, 0.06250551925273973, 0.07196856730011521, 0.08286427728546843, 0.09540954763499938, 0.10985411419875583, 0.12648552168552957, 0.14563484775012436, 0.16768329368110083, 0.19306977288832497, 0.22229964825261944, 0.2559547922699536, 0.29470517025518095, 0.3393221771895328, 0.3906939937054617, 0.44984326689694465, 0.517947467923121, 0.5963623316594643, 0.6866488450043002, 0.7906043210907697, 0.9102981779915218, 1.0481131341546852, 1.2067926406393288, 1.3894954943731375, 1.5998587196060574, 1.8420699693267164, 2.1209508879201904, 2.44205309454865, 2.8117686979742307, 3.2374575428176433, 3.727593720314938, 4.291934260128778, 4.941713361323833, 5.689866029018293, 6.551285568595509, 7.543120063354615, 8.68511373751352, 10.0], "abs": [0.9995503035223666, 0.9994039631990982, 0.9992100572200469, 0.9989531677692115, 0.9986129117491326, 0.9981623660095325, 0.9975660114302003, 0.9967770626850814, 0.9957340242810397, 0.9943562907790718, 0.9925385991466661, 0.990144160794279, 0.9869963788698101, 0.982869239045045, 0.9774768175307792, 0.9704629674818391, 0.9613932164395754, 0.9497522741186535, 0.9349521858870482, 0.9163575907452212, 0.8933347093343861, 0.865327981213147, 0.8319610929661011, 0.7931474423380063, 0.7491823828310923, 0.7007834333708816, 0.6490529334724783, 0.5953614367909474, 0.5411792468062904, 0.4879016973595556, 0.43671121470314905, 0.38849978064510426, 0.3438520996688498, 0.3030738569840473, 0.26624445329518914, 0.2332766153339672, 0.2039715156167173, 0.17806397674004112, 0.155256493466707, 0.1352430938046701, 0.11772497952443288, 0.10242000406908064, 0.08906778665298591, 0.07743188224783465, 0.06730005755992173, 0.05848341450114213, 0.05081486576114714, 0.044147294687726706, 0.03835161083477446, 0.033314830232638475], "phase": [-1.7183580016554572, -1.9783163552038476, -2.277529654351291, -2.6218875809265425, -3.018143535903404, -3.4740308162837947, -3.998388832212776, -4.6012970422175865, -5.294212042179245, -6.090099797051419, -7.003549842057716, -8.050850757483252, -9.249995612319385, -10.620571743421628, -12.18347105863339, -13.960336218901908, -15.972638505271494, -18.240273667323894, -20.779578372104723, -23.60073542878292, -26.704676813152215, -30.07982245850493, -33.699280152772666, -37.51937456048284, -41.480397076355445, -45.51010718796827, -49.52976488178307, -53.46159760171068, -57.236048581359704, -60.79724071012824, -64.10576879216751, -67.13881646827625, -69.88826058983786, -72.35768000573735, -74.55908846918453, -76.50994310554435, -78.23070081980185, -79.74298781070411, -81.068327669109, -82.22732294449301, -83.23917720036212, -84.1214578058743, -84.89002018067808, -85.55903460527882, -86.14107395629055, -86.64723407246102, -87.08726821837962, -87.46972397205629, -87.80207553550855, -88.09084756700362], "extra": null}