{"type": "step", "t": [0.0, 0.21212121212121213, 0.42424242424242425, 0.6363636363636364, 0.8484848484848485, 1.0606060606060606, 1.2727272727272727, 1.4848484848484849, 1.696969696969697, 1.9090909090909092, 2.121212121212121, 2.3333333333333335, 2.5454545454545454, 2.757575757575758, 2.9696969696969697, 3.181818181818182, 3.393939393939394, 3.606060606060606, 3.8181818181818183, 4.03030303030303, 4.242424242424242, 4.454545454545455, 4.666666666666667, 4.878787878787879, 5.090909090909091, 5.303030303030303, 5.515151515151516, 5.7272727272727275, 5.9393939393939394, 6.151515151515151, 6.363636363636364, 6.575757575757576, 6.787878787878788, 7.0, 7.212121212121212, 7.424242424242425, 7.636363636363637, 7.848484848484849, 8.06060606060606, 8.272727272727273, 8.484848484848484, 8.696969696969697, 8.90909090909091, 9.121212121212121, 9.333333333333334, 9.545454545454545, 9.757575757575758, 9.96969696969697, 10.181818181818182, 10.393939393939394, 10.606060606060606, 10.818181818181818, 11.030303030303031, 11.242424242424242, 11.454545454545455, 11.666666666666668, 11.878787878787879, 12.090909090909092, 12.303030303030303, 12.515151515151516, 12.727272727272728, 12.93939393939394, 13.151515151515152, 13.363636363636363, 13.575757575757576, 13.787878787878789, 14.0, 14.212121212121213, 14.424242424242424, 14.636363636363637, 14.84848484848485, 15.06060606060606, 15.272727272727273, 15.484848484848484, 15.696969696969697, 15.90909090909091, 16.12121212121212, 16.333333333333332, 16.545454545454547, 16.757575757575758, 16.96969696969697, 17.181818181818183, 17.393939393939394, 17.606060606060606, 17.81818181818182, 18.03030303030303, 18.242424242424242, 18.454545454545457, 18.666666666666668, 18.87878787878788, 19.09090909090909, 19.303030303030305, 19.515151515151516, 19.727272727272727, 19.93939393939394, 20.151515151515152, 20.363636363636363, 20.575757575757578, 20.78787878787879, 21.0], "s": [0.0, 0.0682652154318129, 0.13187029122567398, 0.19113335281791036, 0.2463508087434039, 0.29779883314454697, 0.34573474707640484, 0.3903983055167837, 0.4320128965182786, 0.47078665849994983, 0.5069135212668403, 0.5405741759640735, 0.5719369788168243, 0.6011587931762865, 0.6283857740831916, 0.6537540992729289, 0.6773906502784446, 0.6994136470375036, 0.7199332391783515, 0.7390520569411314, 0.7568657244905335, 0.773463338187045, 0.7889279122089101, 0.8033367937536116, 0.8167620498955324, 0.8292708280346976, 0.8409256917394041, 0.8517849336624803, 0.8619028670962516, 0.8713300976244418, 0.8801137762296996, 0.8882978351226858, 0.8959232074722356, 0.9030280321355956, 0.9096478444127061, 0.9158157537786014, 0.9215626094828699, 0.9269171548444312, 0.9319061710133459, 0.9365546109186971, 0.9408857240724875, 0.9449211728537749, 0.9486811408546436, 0.9521844338299164, 0.9554485737555113, 0.9584898864658858, 0.9613235833088912, 0.9639638372264404, 0.9664238536415134, 0.9687159365060457, 0.9708515498400431, 0.9728413750697161, 0.9746953644514138, 0.9764227908485617, 0.9780322941105656, 0.9795319242856506, 0.9809291818837655, 0.9822310553909313, 0.9834440562226654, 0.9845742512913023, 0.9856272933500986, 0.9866084492658924, 0.9875226263617224, 0.9883743969611627, 0.9891680212571338, 0.9899074686195684, 0.990596437448506, 0.9912383736719104, 0.9918364879807304, 0.9923937718874061, 0.9929130126881358, 0.9933968074037428, 0.9938475757688641, 0.9942675723344305, 0.994658897743968, 0.9950235092401194, 0.9953632304539372, 0.9956797605259069, 0.995974682604323, 0.9962494717635204, 0.9965055023815668, 0.9967440550143152, 0.9969663228001973, 0.9971734174277924, 0.9973663746960201, 0.997546159694763, 0.9977136716318353, 0.9978697483304361, 0.998015170419583, 0.9981506652384856, 0.9982769104743859, 0.9983945375520604, 0.9985041347919368, 0.9986062503526223, 0.9987013949725585, 0.9987900445245177, 0.9988726423957145, 0.9989496017054398, 0.9990213073713071, 0.9990881180344464], "extra": null}